-- use master
-- create database GelreAirport
-- GO

use GelreAirport

-- Create tables
create table Gate
(
  gatecode char(1) not null,
  constraint pk_gate primary key (gatecode)
)

create table Luchthaven
(
  luchthavencode char(3)     not null,
  naam           varchar(25) not null,
  land           varchar(30)         , 
  constraint pk_luchthaven primary key (luchthavencode),
  constraint ak_luchthaven unique (naam)
)

create table Maatschappij
(
  maatschappijcode char(2)     not null,
  naam             varchar(25) not null,
  max_objecten_pp  numeric(2)  not null,
  constraint pk_maatschappij primary key (maatschappijcode),
  constraint ak_maatschappij unique (naam)
)

create table Vlucht
(
  vluchtnummer      numeric(5)   not null,
  bestemming        char(3)      not null,
  gatecode          char(1)              ,
  max_aantal        numeric(3)   not null, 
  max_gewicht_pp    numeric(6,2) not null,
  max_totaalgewicht numeric(6,2) not null,
  vertrektijd       datetime             ,
  maatschappijcode  char(2)      not null, 
  constraint pk_vlucht primary key (vluchtnummer)
)

CREATE TABLE users
(
    id INT IDENTITY(1,1) NOT NULL,
    name NVARCHAR(100) NOT NULL,
    password NVARCHAR(60) NOT NULL,
    gender NVARCHAR(3) NOT NULL,
    created_at DATETIME DEFAULT CURRENT_TIMESTAMP NOT NULL,
    CONSTRAINT pk_users PRIMARY KEY (id),
    CONSTRAINT unique_username UNIQUE (name)
);

CREATE TABLE roles
(
    id INT IDENTITY(1,1) NOT NULL,
    name NVARCHAR(100) NOT NULL,
    CONSTRAINT pk_roles PRIMARY KEY (id),
    CONSTRAINT unique_role UNIQUE (name)
);

CREATE TABLE userRoles
(
    roleId INT NOT NULL,
    userId INT NOT NULL,
    CONSTRAINT pk_userRoles PRIMARY KEY (roleId, userId),
    CONSTRAINT unique_user_and_role UNIQUE (roleId, userId),
    CONSTRAINT fk_userRoles_roleId FOREIGN KEY (roleId) REFERENCES roles (id) ON DELETE CASCADE ON UPDATE CASCADE,
    CONSTRAINT fk_userRoles_userId FOREIGN KEY (userId) REFERENCES users (id) ON DELETE CASCADE ON UPDATE CASCADE
);

create table Balie
(
  balienummer numeric(2) not null,
  constraint pk_balie primary key (balienummer)
)

create table Passagier
(
  passagiernummer numeric(6)  IDENTITY(1,1) NOT NULL,
  naam            varchar(35)  not null,
  userId          int   not null,
  vluchtnummer    numeric(5)   not null,
  balienummer     numeric(2)           ,
  stoel           char(3)              ,
  inchecktijdstip datetime             , 
  constraint pk_passagier primary key (passagiernummer),
  constraint ak_passagier unique(vluchtnummer, stoel),
  CONSTRAINT fk_passagier_user FOREIGN KEY (userId) REFERENCES users(id)
)

create table IncheckenBestemming
(
  luchthavencode char(3)    not null,
  balienummer    numeric(2) not null,
  constraint pk_incheckenbestemming primary key (luchthavencode, balienummer)
)

create table IncheckenVlucht
(
  vluchtnummer numeric(5) not null,
  balienummer  numeric(2) not null,
  constraint pk_incheckenvlucht primary key (vluchtnummer, balienummer)
)

create table IncheckenMaatschappij
(
  maatschappijcode char(2)    not null,
  balienummer      numeric(2) not null,
  constraint pk_incheckenmaatschappij primary key (maatschappijcode, balienummer)
)

CREATE TABLE BagageObject
(
  passagiernummer  NUMERIC(6)   NOT NULL,
  objectvolgnummer NUMERIC(1)   NOT NULL,
  gewicht          NUMERIC(6,2) NOT NULL,
  vluchtnummer     NUMERIC(5,0), -- Toevoeging van de vluchtnummer kolom
  CONSTRAINT pk_bagageobject PRIMARY KEY (passagiernummer, objectvolgnummer),
  CONSTRAINT fk_vluchtnummer FOREIGN KEY (vluchtnummer) REFERENCES Vlucht(vluchtnummer)
)

go 

-- Foreign keys
alter table Vlucht
  add constraint fk_vlucht_luchthaven foreign key (bestemming)
    references Luchthaven(luchthavencode)
      on update cascade

alter table Vlucht
  add constraint fk_vlucht_gate foreign key (gatecode)
    references Gate (gatecode)
      on update cascade

alter table Vlucht
  add constraint fk_vlucht_maatschappij foreign key (maatschappijcode)
    references Maatschappij (maatschappijcode)
      on update cascade

alter table Passagier
  add constraint fk_passagier_vlucht foreign key (vluchtnummer)
    references Vlucht (vluchtnummer)
      on update cascade

alter table Passagier
  add constraint fk_passagier_balie foreign key (balienummer)
    references Balie (balienummer)
      on update cascade

alter table IncheckenBestemming 
  add constraint fk_incheckenbestemming_luchthaven foreign key (luchthavencode)
    references Luchthaven (luchthavencode)
      on update cascade

alter table IncheckenVlucht
  add constraint fk_incheckenvlucht_vlucht foreign key (vluchtnummer)
    references Vlucht (vluchtnummer)
      on update cascade

alter table IncheckenMaatschappij
  add constraint fk_incheckenmaatschappij_maatschappij foreign key (maatschappijcode)
    references Maatschappij (maatschappijcode)
      on update cascade

-- code is generated
-- file 'GelreAirport_insert_script.sql' generated on 2022-09-09 15:07:01
use GelreAirport

delete BagageObject
delete Passagier
delete IncheckenBestemming
delete IncheckenVlucht
delete IncheckenMaatschappij
delete Vlucht
delete Gate
delete Luchthaven
delete Maatschappij
delete Balie

go

INSERT INTO Luchthaven (luchthavencode, naam, land) VALUES
('AMS', 'Luchthaven Schiphol', 'Nederland')
,('MST', 'Maastricht Aachen Airport', 'Nederland')
,('QEK', 'Kempen Airport', 'Nederland')
,('DHR', 'Vliegveld De Kooy', 'Nederland')
,('EIN', 'Eindhoven Airport', 'Nederland')
,('ENS', 'Twente Airport', 'Nederland')
,('GRQ', 'Groningen Airport Eelde', 'Nederland')
,('LEY', 'Lelystad Airport', 'Nederland')
,('RTM', 'Rotterdam The Hague', 'Nederland')
,('TEU', 'Teuge International', 'Nederland')
,('LUX', 'Luchthaven Luxemburg', 'Luxemburg')
,('LGG', 'Liege Airport', 'België')
,('ANR', 'Luchthaven Antwerpen', 'België')
,('CRL', 'Brussels South Charleroi', 'België')
,('AIP', 'Vliegveld Grimbergen', 'België')
,('KJK', 'Luchthaven Kortrijk', 'België')
,('OST', 'Luchthaven Oostende', 'België')
,('BRU', 'Brussels Airport', 'België')

go

INSERT INTO Gate (gatecode) VALUES
('A')
,('B')
,('C')
,('D')
,('E')

go

INSERT INTO Balie (balienummer) VALUES
('1')
,('2')
,('3')
,('4')
,('5')
,('6')
,('7')
,('8')
,('9')
,('10')

go

INSERT INTO IncheckenBestemming (luchthavencode, balienummer) VALUES ('AMS', 6)
,('AMS', 5)
,('MST', 8)
,('MST', 7)
,('QEK', 2)
,('QEK', 1)
,('DHR', 9)
,('DHR', 8)
,('EIN', 10)
,('EIN', 9)
,('ENS', 10)
,('ENS', 9)
,('GRQ', 2)
,('GRQ', 1)
,('LEY', 7)
,('LEY', 6)
,('RTM', 3)
,('RTM', 2)
,('TEU', 5)
,('TEU', 4)
,('LUX', 7)
,('LUX', 6)
,('LGG', 7)
,('LGG', 6)
,('ANR', 6)
,('ANR', 5)
,('CRL', 8)
,('CRL', 7)
,('AIP', 6)
,('AIP', 5)
,('KJK', 6)
,('KJK', 5)
,('OST', 10)
,('OST', 9)
,('BRU', 7)
,('BRU', 6)

go

INSERT INTO Maatschappij(maatschappijcode, naam, max_objecten_pp) VALUES ('AB', 'Abelag', 5)
,('AI', 'Air Belgium', 4)
,('HU', 'Air Charters Europe', 5)
,('DN', 'Air Exel', 3)
,('HV', 'Air Holland', 2)
,('UE', 'AIS Airlines', 1)
,('AM', 'Amsterdam Airlines', 7)
,('AS', 'ASL Airlines Belgium', 5)
,('BA', 'BASE Regional Airlines', 2)
,('JQ', 'Basiq Air', 1)
,('BE', 'BelgiumExel', 3)
,('BI', 'Birdy Airlines', 2)
,('BR', 'Brussels Airlines', 3)
,('CA', 'Cargo B Airlines', 4)
,('NT', 'Cargolux', 4)
,('CH', 'Challenge Airlines', 6)
,('CI', 'CityBird', 7)
,('CO', 'Constellation Airlines', 1)
,('XJ', 'Corendon Dutch Airlines', 4)
,('DE', 'Delsey Airlines', 2)
,('ZF', 'Delta Air Transport', 1)
,('NC', 'Demavia Airlines', 4)
,('XR', 'Denim Air', 2)
,('DU', 'DutchBird', 2)
,('EU', 'European Air Transport', 1)
,('FA', 'Fairlines', 5)
,('FL', 'Flying Group', 5)
,('HO', 'Holland Exel', 5)
,('JE', 'Jet Management Europe', 7)
,('UO', 'Jetlink', 7)
,('NO', 'JetNetherlands', 7)
,('KL', 'KLM Cityhopper', 2)
,('LU', 'Luxair', 1)
,('XI', 'Luxaviation', 3)
,('MA', 'Magic Blue Airlines', 4)
,('NE', 'NetherLines', 4)
,('QU', 'Quick Airways Holland', 1)
,('SA', 'Sabena', 5)
,('SC', 'Schreiner Airways', 3)
,('SN', 'SN Brussels Airlines', 5)
,('AR', 'SNETA', 6)
,('SO', 'Sobelair', 6)
,('SP', 'Special Air Services', 3)
,('TR', 'Trans European Airways', 5)
,('OC', 'Transavia', 4)
,('VB', 'V Bird', 6)
,('VG', 'VG Airlines', 7)
,('VI', 'Virgin Express', 6)
,('VL', 'VLM Airlines', 4)

go

INSERT INTO IncheckenMaatschappij (maatschappijcode, balienummer) VALUES ('AB', 6)
,('AI', 6)
,('HU', 3)
,('DN', 9)
,('HV', 3)
,('UE', 6)
,('AM', 6)
,('AS', 6)
,('BA', 7)
,('JQ', 5)
,('BE', 7)
,('BI', 7)
,('BR', 7)
,('CA', 8)
,('NT', 9)
,('CH', 8)
,('CI', 8)
,('CO', 8)
,('XJ', 9)
,('DE', 9)
,('ZF', 1)
,('NC', 9)
,('XR', 9)
,('DU', 9)
,('EU', 10)
,('FA', 1)
,('FL', 1)
,('HO', 3)
,('JE', 5)
,('UO', 6)
,('NO', 9)
,('KL', 6)
,('LU', 7)
,('XI', 9)
,('MA', 8)
,('NE', 9)
,('QU', 2)
,('SA', 4)
,('SC', 4)
,('SN', 4)
,('AR', 6)
,('SO', 4)
,('SP', 4)
,('TR', 5)
,('OC', 10)
,('VB', 7)
,('VG', 7)
,('VI', 7)
,('VL', 7)

go

INSERT INTO Vlucht (vluchtnummer,bestemming,gatecode,max_aantal,max_gewicht_pp,max_totaalgewicht,vertrektijd,maatschappijcode) VALUES 
(28761, 'ENS', 'A', 45, 20, 1080, '2000-01-01 16:23:00', 'XR')
,(28762, 'CRL', 'B', 41, 25, 1179, '2000-01-01 05:10:00', 'UO')
,(28763, 'RTM', 'C', 44, 30, 1518, '2000-01-01 04:49:00', 'QU')
,(28764, 'AMS', 'D', 52, 30, 1872, '2000-01-01 13:06:00', 'DN')
,(28765, 'LUX', 'A', 60, 25, 1575, '2000-01-01 18:18:00', 'QU')
,(28766, 'LUX', 'E', 43, 30, 1483, '2000-01-02 14:02:00', 'SA')
,(28767, 'GRQ', 'B', 72, 25, 1980, '2000-01-02 20:27:00', 'TR')
,(28768, 'AIP', 'B', 46, 30, 1587, '2000-01-02 01:50:00', 'HV')
,(28769, 'AIP', 'C', 36, 30, 1242, '2000-01-02 23:48:00', 'DN')
,(28770, 'GRQ', 'D', 30, 35, 1155, '2000-01-02 05:57:00', 'HO')
,(28771, 'KJK', 'D', 72, 30, 2268, '2000-01-03 03:44:00', 'AS')
,(28772, 'OST', 'A', 76, 35, 2926, '2000-01-03 01:31:00', 'AS')
,(28773, 'QEK', 'B', 66, 30, 2277, '2000-01-03 18:32:00', 'AI')
,(28774, 'LEY', 'D', 55, 20, 1155, '2000-01-03 14:47:00', 'SC')
,(28775, 'LGG', 'C', 36, 20, 828, '2000-01-03 21:13:00', 'DN')
,(28776, 'RTM', 'D', 52, 20, 1196, '2000-01-04 12:35:00', 'CO')
,(28777, 'ENS', 'C', 70, 20, 1540, '2000-01-04 01:28:00', 'CH')
,(28778, 'CRL', 'E', 53, 35, 2133, '2000-01-04 02:57:00', 'ZF')
,(28779, 'EIN', 'D', 55, 20, 1210, '2000-01-04 22:10:00', 'DU')
,(28780, 'TEU', 'C', 41, 30, 1353, '2000-01-04 22:11:00', 'VI')
,(28781, 'AIP', 'A', 43, 20, 1032, '2000-01-04 07:35:00', 'BE')
,(28782, 'ENS', 'D', 34, 30, 1224, '2000-01-04 06:17:00', 'NE')
,(28783, 'QEK', 'D', 44, 20, 924, '2000-01-04 15:05:00', 'AS')
,(28784, 'LEY', 'E', 35, 35, 1286, '2000-01-05 19:57:00', 'NT')
,(28785, 'RTM', 'C', 32, 35, 1288, '2000-01-05 03:48:00', 'VI')
,(28786, 'LGG', 'A', 44, 20, 1012, '2000-01-05 14:26:00', 'UE')
,(28787, 'LUX', 'E', 44, 25, 1155, '2000-01-06 13:50:00', 'CA')
,(28788, 'LUX', 'D', 32, 35, 1288, '2000-01-06 08:31:00', 'DE')
,(28789, 'TEU', 'A', 76, 30, 2508, '2000-01-06 03:24:00', 'VB')
,(28790, 'LEY', 'D', 73, 25, 2099, '2000-01-06 05:26:00', 'AS')
,(28791, 'TEU', 'D', 49, 20, 1078, '2000-01-06 14:49:00', 'AB')
,(28792, 'TEU', 'E', 50, 20, 1150, '2000-01-07 03:35:00', 'QU')
,(28793, 'AMS', 'A', 79, 35, 2903, '2000-01-07 00:00:00', 'CO')
,(28794, 'KJK', 'C', 54, 30, 1782, '2000-01-07 02:52:00', 'CA')
,(28795, 'ANR', 'B', 60, 25, 1800, '2000-01-07 12:53:00', 'QU')
,(28796, 'MST', 'E', 74, 20, 1702, '2000-01-07 13:05:00', 'SN')
,(28797, 'MST', 'C', 69, 30, 2484, '2000-01-07 13:19:00', 'BE')
,(28798, 'QEK', 'D', 67, 20, 1407, '2000-01-07 09:24:00', 'JQ')
,(28799, 'KJK', 'C', 34, 20, 816, '2000-01-07 01:23:00', 'VB')
,(28800, 'EIN', 'B', 60, 30, 1890, '2000-01-08 15:51:00', 'NE')
,(28801, 'GRQ', 'E', 69, 30, 2484, '2000-01-08 04:08:00', 'UO')
,(28802, 'TEU', 'A', 48, 35, 2016, '2000-01-08 23:29:00', 'NO')
,(28803, 'GRQ', 'E', 66, 20, 1386, '2000-01-09 14:38:00', 'AB')
,(28804, 'RTM', 'A', 56, 35, 2156, '2000-01-09 03:34:00', 'DE')
,(28805, 'DHR', 'D', 30, 20, 660, '2000-01-09 17:25:00', 'XI')
,(28806, 'OST', 'B', 48, 20, 1104, '2000-01-09 15:12:00', 'KL')
,(28807, 'KJK', 'E', 43, 35, 1580, '2000-01-09 12:06:00', 'AR')
,(28808, 'LGG', 'D', 61, 30, 2196, '2000-01-09 20:33:00', 'SA')
,(28809, 'BRU', 'B', 53, 35, 2226, '2000-01-09 06:52:00', 'JE')
,(28810, 'LEY', 'D', 77, 30, 2426, '2000-01-09 06:28:00', 'DE')
,(28811, 'RTM', 'C', 41, 30, 1414, '2000-01-10 16:50:00', 'BI')
,(28812, 'AIP', 'D', 55, 30, 1897, '2000-01-10 09:58:00', 'KL')
,(28813, 'LGG', 'B', 70, 25, 2100, '2000-01-10 09:19:00', 'KL')
,(28814, 'OST', 'D', 37, 30, 1332, '2000-01-11 23:11:00', 'QU')
,(28815, 'CRL', 'C', 69, 25, 2070, '2000-01-11 03:24:00', 'NO')
,(28816, 'QEK', 'D', 70, 35, 2940, '2000-01-11 14:01:00', 'AM')
,(28817, 'LGG', 'C', 68, 20, 1496, '2000-01-11 05:07:00', 'HO')
,(28818, 'LEY', 'A', 43, 20, 903, '2000-01-11 05:05:00', 'JQ')
,(28819, 'AMS', 'B', 47, 20, 1081, '2000-01-11 21:34:00', 'DN')
,(28820, 'TEU', 'D', 58, 20, 1392, '2000-01-11 23:47:00', 'BR')
,(28821, 'LUX', 'A', 38, 20, 912, '2000-01-11 02:44:00', 'AM')
,(28822, 'AMS', 'D', 60, 25, 1575, '2000-01-12 02:17:00', 'HO')
,(28823, 'CRL', 'A', 75, 25, 2156, '2000-01-12 15:27:00', 'MA')
,(28824, 'DHR', 'D', 36, 35, 1449, '2000-01-12 17:17:00', 'SP')
,(28825, 'KJK', 'C', 60, 35, 2205, '2000-01-12 15:40:00', 'TR')
,(28826, 'TEU', 'E', 64, 35, 2688, '2000-01-12 06:07:00', 'NC')
,(28827, 'OST', 'B', 30, 25, 900, '2000-01-13 09:46:00', 'XI')
,(28828, 'GRQ', 'C', 78, 35, 3276, '2000-01-13 00:17:00', 'FL')
,(28829, 'QEK', 'E', 50, 35, 1838, '2000-01-13 05:43:00', 'NC')
,(28830, 'OST', 'D', 61, 35, 2562, '2000-01-13 19:23:00', 'NT')
,(28831, 'KJK', 'D', 49, 35, 1887, '2000-01-13 13:28:00', 'CO')
,(28832, 'AIP', 'A', 48, 35, 2016, '2000-01-13 01:37:00', 'CH')
,(28833, 'GRQ', 'C', 75, 30, 2588, '2000-01-13 16:28:00', 'BA')
,(28834, 'QEK', 'C', 80, 20, 1760, '2000-01-13 08:03:00', 'BA')
,(28835, 'EIN', 'C', 63, 35, 2536, '2000-01-14 04:39:00', 'XR')
,(28836, 'CRL', 'B', 46, 30, 1449, '2000-01-14 19:31:00', 'HO')
,(28837, 'DHR', 'B', 68, 30, 2142, '2000-01-14 15:48:00', 'SN')
,(28838, 'TEU', 'E', 80, 25, 2400, '2000-01-14 12:30:00', 'NO')
,(28839, 'BRU', 'C', 34, 35, 1368, '2000-01-14 20:57:00', 'DU')
,(28840, 'AIP', 'D', 32, 25, 880, '2000-01-14 17:29:00', 'DN')
,(28841, 'LEY', 'A', 54, 35, 2268, '2000-01-14 02:53:00', 'NE')
,(28842, 'MST', 'D', 79, 35, 3042, '2000-01-14 11:10:00', 'LU')
,(28843, 'LUX', 'D', 32, 20, 672, '2000-01-15 17:28:00', 'SC')
,(28844, 'DHR', 'C', 56, 20, 1232, '2000-01-15 23:54:00', 'OC')
,(28845, 'AMS', 'E', 34, 35, 1250, '2000-01-15 08:58:00', 'HU')
,(28846, 'QEK', 'A', 46, 20, 1058, '2000-01-15 19:44:00', 'BA')
,(28847, 'AIP', 'A', 55, 35, 2310, '2000-01-15 23:21:00', 'QU')
,(28848, 'OST', 'D', 71, 25, 2041, '2000-01-16 15:54:00', 'OC')
,(28849, 'OST', 'D', 32, 25, 880, '2000-01-16 23:03:00', 'CA')
,(28850, 'TEU', 'A', 56, 30, 1932, '2000-01-16 22:23:00', 'AR')
,(28851, 'KJK', 'C', 61, 25, 1830, '2000-01-16 15:20:00', 'AI')
,(28852, 'ENS', 'D', 56, 20, 1232, '2000-01-16 07:22:00', 'TR')
,(28853, 'RTM', 'D', 50, 35, 2012, '2000-01-17 10:45:00', 'KL')
,(28854, 'DHR', 'D', 48, 20, 1152, '2000-01-17 12:29:00', 'CH')
,(28855, 'GRQ', 'B', 78, 20, 1872, '2000-01-17 12:21:00', 'SC')
,(28856, 'ENS', 'A', 56, 30, 1932, '2000-01-17 23:46:00', 'SN')
,(28857, 'OST', 'A', 34, 35, 1309, '2000-01-17 06:10:00', 'XI')
,(28858, 'DHR', 'E', 78, 30, 2574, '2000-01-17 21:54:00', 'TR')
,(28859, 'LGG', 'D', 61, 20, 1464, '2000-01-17 11:24:00', 'SA')
,(28860, 'AIP', 'E', 57, 35, 2194, '2000-01-17 09:01:00', 'DN')
,(28861, 'CRL', 'E', 41, 35, 1722, '2000-01-18 19:46:00', 'QU')
,(28862, 'DHR', 'C', 47, 30, 1621, '2000-01-18 06:15:00', 'MA')
,(28863, 'GRQ', 'C', 45, 35, 1654, '2000-01-18 13:35:00', 'SA')
,(28864, 'AMS', 'E', 68, 20, 1632, '2000-01-19 09:14:00', 'AR')
,(28865, 'MST', 'D', 75, 20, 1575, '2000-01-19 15:51:00', 'EU')
,(28866, 'TEU', 'C', 71, 30, 2556, '2000-01-19 19:18:00', 'UO')
,(28867, 'MST', 'E', 56, 20, 1232, '2000-01-19 05:27:00', 'SP')
,(28868, 'LUX', 'C', 73, 25, 2099, '2000-01-19 15:23:00', 'SO')
,(28869, 'AMS', 'E', 64, 25, 1760, '2000-01-19 21:52:00', 'HO')
,(28870, 'ANR', 'C', 59, 30, 1947, '2000-01-19 22:46:00', 'AI')
,(28871, 'OST', 'E', 78, 35, 3003, '2000-01-19 05:52:00', 'NC')
,(28872, 'OST', 'B', 31, 25, 853, '2000-01-20 15:53:00', 'SA')
,(28873, 'AIP', 'C', 60, 20, 1440, '2000-01-20 18:43:00', 'OC')
,(28874, 'MST', 'B', 65, 35, 2389, '2000-01-20 10:40:00', 'CA')
,(28875, 'ANR', 'B', 65, 30, 2048, '2000-01-21 02:37:00', 'JQ')
,(28876, 'RTM', 'E', 31, 30, 1070, '2000-01-21 15:25:00', 'VG')
,(28877, 'AMS', 'B', 44, 35, 1617, '2000-01-21 17:06:00', 'XI')
,(28878, 'LUX', 'C', 76, 20, 1824, '2000-01-22 22:03:00', 'KL')
,(28879, 'CRL', 'B', 77, 25, 2310, '2000-01-22 13:04:00', 'BA')
,(28880, 'GRQ', 'D', 32, 30, 1104, '2000-01-22 20:32:00', 'DN')
,(28881, 'EIN', 'D', 50, 25, 1312, '2000-01-23 22:19:00', 'VG')
,(28882, 'RTM', 'D', 53, 35, 2133, '2000-01-23 01:58:00', 'UE')
,(28883, 'LEY', 'A', 76, 30, 2622, '2000-01-23 12:43:00', 'FA')
,(28884, 'RTM', 'A', 70, 25, 2100, '2000-01-23 00:57:00', 'VG')
,(28885, 'AMS', 'E', 71, 20, 1491, '2000-01-23 16:16:00', 'VB')
,(28886, 'QEK', 'E', 51, 25, 1466, '2000-01-24 21:03:00', 'FL')
,(28887, 'LUX', 'A', 58, 35, 2132, '2000-01-24 10:09:00', 'VI')
,(28888, 'CRL', 'A', 79, 25, 2172, '2000-01-24 08:01:00', 'BR')
,(28889, 'BRU', 'D', 59, 25, 1770, '2000-01-24 08:23:00', 'DN')
,(28890, 'OST', 'B', 41, 30, 1414, '2000-01-24 23:35:00', 'SC')
,(28891, 'RTM', 'B', 33, 25, 908, '2000-01-24 14:23:00', 'CA')
,(28892, 'LGG', 'B', 51, 35, 1874, '2000-01-24 03:02:00', 'AI')
,(28893, 'MST', 'B', 75, 35, 3150, '2000-01-24 07:31:00', 'JQ')
,(28894, 'EIN', 'D', 64, 35, 2688, '2000-01-25 18:48:00', 'HU')
,(28895, 'QEK', 'D', 43, 30, 1548, '2000-01-25 18:22:00', 'VG')
,(28896, 'BRU', 'D', 42, 20, 966, '2000-01-25 18:03:00', 'VB')
,(28897, 'ENS', 'B', 61, 35, 2455, '2000-01-26 23:15:00', 'DN')
,(28898, 'LGG', 'C', 33, 25, 866, '2000-01-26 21:14:00', 'AB')
,(28899, 'CRL', 'E', 34, 25, 935, '2000-01-26 19:28:00', 'AI')
,(28900, 'EIN', 'B', 49, 20, 1029, '2000-01-26 22:07:00', 'CH')
,(28901, 'LUX', 'D', 41, 35, 1722, '2000-01-26 01:28:00', 'NO')
,(28902, 'AIP', 'A', 54, 20, 1188, '2000-01-26 10:09:00', 'FL')
,(28903, 'TEU', 'D', 53, 20, 1272, '2000-01-26 01:17:00', 'VL')
,(28904, 'TEU', 'B', 80, 20, 1760, '2000-01-26 19:53:00', 'ZF')
,(28905, 'AMS', 'B', 39, 30, 1404, '2000-01-27 11:44:00', 'UE')
,(28906, 'GRQ', 'E', 62, 35, 2496, '2000-01-27 15:22:00', 'BR')
,(28907, 'LUX', 'B', 30, 30, 945, '2000-01-27 18:21:00', 'VI')
,(28908, 'MST', 'C', 69, 25, 1898, '2000-01-27 09:04:00', 'AM')
,(28909, 'ANR', 'D', 67, 35, 2697, '2000-01-27 12:23:00', 'DN')
,(28910, 'MST', 'D', 64, 25, 1920, '2000-01-28 05:52:00', 'AI')
,(28911, 'EIN', 'C', 61, 25, 1830, '2000-01-28 08:50:00', 'AS')
,(28912, 'ANR', 'C', 57, 25, 1710, '2000-01-28 06:14:00', 'KL')
,(28913, 'RTM', 'D', 79, 30, 2488, '2000-01-28 06:42:00', 'DN')
,(28914, 'OST', 'B', 66, 20, 1584, '2000-01-28 11:52:00', 'CI')
,(28915, 'LEY', 'E', 39, 35, 1502, '2000-01-28 09:39:00', 'VG')
,(28916, 'MST', 'B', 54, 20, 1134, '2000-01-28 19:24:00', 'ZF')
,(28917, 'GRQ', 'C', 77, 35, 2830, '2000-01-28 21:45:00', 'BI')
,(28918, 'GRQ', 'A', 75, 35, 3150, '2000-01-29 08:29:00', 'DN')
,(28919, 'BRU', 'D', 37, 35, 1489, '2000-01-29 19:07:00', 'KL')
,(28920, 'RTM', 'C', 44, 35, 1617, '2000-01-29 09:45:00', 'HO')
,(28921, 'QEK', 'A', 58, 25, 1595, '2000-01-29 11:14:00', 'NO')
,(28922, 'MST', 'D', 79, 20, 1817, '2000-01-29 00:25:00', 'XI')
,(28923, 'AMS', 'A', 56, 30, 1848, '2000-01-30 05:28:00', 'QU')
,(28924, 'CRL', 'E', 70, 25, 1838, '2000-01-30 19:14:00', 'CI')
,(28925, 'GRQ', 'C', 75, 25, 2250, '2000-01-30 23:33:00', 'MA')
,(28926, 'LUX', 'D', 59, 20, 1416, '2000-01-30 00:08:00', 'XJ')
,(28927, 'ENS', 'B', 76, 35, 3059, '2000-01-30 05:58:00', 'AI')
,(28928, 'TEU', 'C', 57, 35, 2095, '2000-01-30 00:43:00', 'BR')
,(28929, 'ENS', 'E', 53, 30, 1828, '2000-01-30 12:38:00', 'XR')
,(28930, 'CRL', 'C', 74, 20, 1776, '2000-01-30 13:10:00', 'SC')
,(28931, 'TEU', 'E', 63, 20, 1323, '2000-01-31 19:12:00', 'CO')
,(28932, 'KJK', 'A', 53, 30, 1908, '2000-01-31 04:32:00', 'HO')
,(28933, 'BRU', 'E', 43, 30, 1419, '2000-01-31 07:51:00', 'VL')
,(28934, 'RTM', 'E', 33, 30, 1040, '2000-02-01 07:17:00', 'SN')
,(28935, 'ENS', 'C', 49, 35, 1801, '2000-02-01 03:22:00', 'XJ')
,(28936, 'GRQ', 'D', 33, 35, 1328, '2000-02-01 22:15:00', 'OC')
,(28937, 'LEY', 'C', 72, 20, 1656, '2000-02-02 22:51:00', 'AS')
,(28938, 'AMS', 'E', 58, 30, 1914, '2000-02-02 13:52:00', 'VB')
,(28939, 'OST', 'B', 46, 35, 1690, '2000-02-02 20:29:00', 'OC')
,(28940, 'AMS', 'E', 36, 25, 1080, '2000-02-02 04:08:00', 'FA')
,(28941, 'LGG', 'A', 47, 25, 1234, '2000-02-02 15:05:00', 'EU')
,(28942, 'AMS', 'B', 36, 30, 1296, '2000-02-03 02:16:00', 'BA')
,(28943, 'CRL', 'A', 71, 25, 2041, '2000-02-03 09:14:00', 'CA')
,(28944, 'KJK', 'C', 58, 25, 1522, '2000-02-03 14:02:00', 'XI')
,(28945, 'DHR', 'C', 54, 35, 2174, '2000-02-03 10:11:00', 'LU')
,(28946, 'AMS', 'B', 46, 35, 1690, '2000-02-03 22:05:00', 'VL')
,(28947, 'TEU', 'E', 36, 35, 1449, '2000-02-03 08:23:00', 'UO')
,(28948, 'OST', 'D', 62, 30, 2232, '2000-02-03 12:47:00', 'HU')
,(28949, 'LGG', 'E', 70, 25, 2100, '2000-02-03 07:48:00', 'BI')
,(28950, 'AMS', 'B', 76, 20, 1824, '2000-02-04 14:09:00', 'HO')
,(28951, 'OST', 'E', 41, 30, 1353, '2000-02-04 10:42:00', 'EU')
,(28952, 'RTM', 'E', 63, 20, 1449, '2000-02-04 00:21:00', 'SO')
,(28953, 'DHR', 'D', 70, 25, 2100, '2000-02-04 14:01:00', 'BI')
,(28954, 'LGG', 'A', 31, 35, 1302, '2000-02-04 14:42:00', 'AB')
,(28955, 'CRL', 'A', 78, 20, 1638, '2000-02-04 05:12:00', 'FL')
,(28956, 'QEK', 'C', 68, 30, 2142, '2000-02-04 23:36:00', 'CI')
,(28957, 'EIN', 'D', 45, 20, 990, '2000-02-04 18:10:00', 'JQ')
,(28958, 'DHR', 'C', 74, 25, 2220, '2000-02-05 02:25:00', 'AR')
,(28959, 'GRQ', 'E', 80, 35, 2940, '2000-02-05 09:45:00', 'NT')
,(28960, 'ANR', 'E', 38, 30, 1311, '2000-02-05 07:30:00', 'VL')
,(28961, 'BRU', 'A', 31, 25, 930, '2000-02-06 23:34:00', 'MA')
,(28962, 'LUX', 'A', 76, 25, 1995, '2000-02-06 11:59:00', 'SP')
,(28963, 'ENS', 'C', 78, 35, 3139, '2000-02-06 02:23:00', 'XJ')
,(28964, 'KJK', 'A', 60, 30, 2160, '2000-02-07 22:57:00', 'QU')
,(28965, 'LGG', 'D', 55, 35, 2214, '2000-02-07 12:26:00', 'OC')
,(28966, 'MST', 'D', 64, 20, 1472, '2000-02-07 08:58:00', 'ZF')
,(28967, 'AIP', 'B', 50, 25, 1500, '2000-02-08 10:13:00', 'LU')
,(28968, 'OST', 'D', 57, 35, 2095, '2000-02-08 08:07:00', 'TR')
,(28969, 'OST', 'B', 47, 25, 1234, '2000-02-08 21:53:00', 'NE')
,(28970, 'DHR', 'C', 45, 20, 1080, '2000-02-09 05:37:00', 'JE')
,(28971, 'LGG', 'B', 42, 20, 966, '2000-02-09 19:30:00', 'SA')
,(28972, 'LEY', 'A', 38, 30, 1368, '2000-02-09 07:39:00', 'NE')
,(28973, 'EIN', 'C', 71, 35, 2734, '2000-02-09 10:58:00', 'VL')
,(28974, 'QEK', 'C', 36, 30, 1188, '2000-02-09 13:17:00', 'NT')
,(28975, 'GRQ', 'A', 34, 25, 1020, '2000-02-09 19:36:00', 'SC')
,(28976, 'BRU', 'C', 77, 30, 2656, '2000-02-09 21:41:00', 'HV')
,(28977, 'CRL', 'A', 68, 25, 1955, '2000-02-09 16:21:00', 'CO')
,(28978, 'BRU', 'A', 46, 35, 1690, '2000-02-10 17:47:00', 'DE')
,(28979, 'BRU', 'E', 79, 25, 2172, '2000-02-10 22:52:00', 'FL')
,(28980, 'MST', 'E', 59, 35, 2168, '2000-02-10 14:13:00', 'EU')
,(28981, 'ANR', 'D', 46, 20, 1104, '2000-02-10 15:24:00', 'DU')
,(28982, 'BRU', 'B', 74, 30, 2331, '2000-02-10 13:24:00', 'JQ')
,(28983, 'ENS', 'C', 39, 30, 1404, '2000-02-10 22:12:00', 'VG')
,(28984, 'EIN', 'C', 55, 25, 1581, '2000-02-10 11:30:00', 'SP')
,(28985, 'AIP', 'B', 70, 25, 2100, '2000-02-10 16:01:00', 'VG')
,(28986, 'AMS', 'E', 74, 25, 2035, '2000-02-11 22:57:00', 'VB')
,(28987, 'OST', 'A', 32, 25, 920, '2000-02-11 18:03:00', 'TR')
,(28988, 'EIN', 'E', 65, 35, 2502, '2000-02-11 00:16:00', 'DU')
,(28989, 'BRU', 'C', 80, 35, 3080, '2000-02-12 05:34:00', 'VG')
,(28990, 'KJK', 'C', 36, 30, 1134, '2000-02-12 01:49:00', 'AS')
,(28991, 'KJK', 'E', 37, 25, 1110, '2000-02-12 10:40:00', 'SC')
,(28992, 'CRL', 'A', 46, 25, 1265, '2000-02-13 09:34:00', 'VB')
,(28993, 'ANR', 'D', 69, 25, 1984, '2000-02-13 05:16:00', 'FL')
,(28994, 'OST', 'D', 68, 25, 2040, '2000-02-13 19:12:00', 'HO')
,(28995, 'OST', 'D', 74, 25, 2035, '2000-02-13 08:19:00', 'CA')
,(28996, 'LEY', 'C', 42, 35, 1690, '2000-02-13 20:33:00', 'AI')
,(28997, 'ENS', 'A', 46, 30, 1587, '2000-02-13 08:22:00', 'BA')
,(28998, 'CRL', 'D', 45, 20, 1035, '2000-02-13 06:27:00', 'DE')
,(28999, 'DHR', 'D', 64, 35, 2576, '2000-02-13 14:28:00', 'SA')
,(29000, 'CRL', 'D', 53, 25, 1391, '2000-02-14 16:32:00', 'VG')
,(29001, 'ENS', 'E', 79, 30, 2607, '2000-02-14 15:33:00', 'DU')
,(29002, 'TEU', 'E', 42, 35, 1617, '2000-02-14 14:18:00', 'SA')
,(29003, 'TEU', 'B', 67, 20, 1541, '2000-02-14 19:08:00', 'CA')
,(29004, 'KJK', 'B', 35, 35, 1348, '2000-02-14 19:10:00', 'SP')
,(29005, 'MST', 'A', 55, 25, 1513, '2000-02-14 04:43:00', 'CO')
,(29006, 'DHR', 'D', 40, 25, 1200, '2000-02-14 06:27:00', 'OC')
,(29007, 'MST', 'E', 46, 35, 1851, '2000-02-14 13:01:00', 'HV')
,(29008, 'MST', 'B', 34, 25, 1020, '2000-02-15 00:00:00', 'HU')
,(29009, 'GRQ', 'D', 48, 30, 1512, '2000-02-15 22:50:00', 'AR')
,(29010, 'KJK', 'C', 37, 20, 888, '2000-02-15 16:15:00', 'OC')
,(29011, 'DHR', 'C', 69, 30, 2380, '2000-02-16 07:36:00', 'BR')
,(29012, 'TEU', 'E', 53, 35, 2041, '2000-02-16 02:31:00', 'BE')
,(29013, 'KJK', 'B', 61, 20, 1403, '2000-02-16 21:21:00', 'BA')
,(29014, 'ENS', 'B', 36, 35, 1323, '2000-02-16 10:58:00', 'DN')
,(29015, 'AIP', 'B', 41, 20, 902, '2000-02-16 20:55:00', 'BA')
,(29016, 'TEU', 'B', 70, 35, 2818, '2000-02-16 22:45:00', 'EU')
,(29017, 'OST', 'D', 74, 20, 1702, '2000-02-16 23:00:00', 'XI')
,(29018, 'LUX', 'A', 49, 20, 1127, '2000-02-16 20:11:00', 'DE')
,(29019, 'LUX', 'E', 79, 35, 3180, '2000-02-17 18:50:00', 'OC')
,(29020, 'ENS', 'E', 69, 20, 1656, '2000-02-17 10:11:00', 'NT')
,(29021, 'LEY', 'B', 42, 25, 1102, '2000-02-17 11:30:00', 'NE')
,(29022, 'CRL', 'B', 75, 20, 1800, '2000-02-18 16:11:00', 'EU')
,(29023, 'GRQ', 'C', 50, 25, 1438, '2000-02-18 03:43:00', 'ZF')
,(29024, 'ANR', 'D', 36, 30, 1188, '2000-02-18 06:35:00', 'JE')
,(29025, 'BRU', 'E', 64, 35, 2576, '2000-02-18 04:45:00', 'EU')
,(29026, 'BRU', 'A', 64, 35, 2576, '2000-02-18 23:08:00', 'SP')
,(29027, 'BRU', 'C', 40, 20, 920, '2000-02-19 01:57:00', 'AI')
,(29028, 'TEU', 'D', 44, 35, 1771, '2000-02-19 13:44:00', 'CA')
,(29029, 'LEY', 'B', 59, 20, 1298, '2000-02-19 17:26:00', 'HU')
,(29030, 'ANR', 'E', 34, 35, 1250, '2000-02-19 01:26:00', 'XJ')
,(29031, 'DHR', 'C', 58, 20, 1218, '2000-02-19 07:10:00', 'NE')
,(29032, 'AMS', 'C', 70, 30, 2205, '2000-02-20 08:33:00', 'HV')
,(29033, 'ANR', 'C', 74, 25, 1942, '2000-02-20 08:04:00', 'ZF')
,(29034, 'TEU', 'C', 55, 20, 1210, '2000-02-20 01:18:00', 'OC')
,(29035, 'OST', 'B', 60, 35, 2415, '2000-02-20 05:09:00', 'SO')
,(29036, 'TEU', 'A', 71, 20, 1562, '2000-02-20 20:29:00', 'EU')
,(29037, 'ENS', 'D', 52, 30, 1716, '2000-02-20 06:04:00', 'SN')
,(29038, 'GRQ', 'A', 59, 25, 1770, '2000-02-20 09:58:00', 'BE')
,(29039, 'LUX', 'D', 63, 25, 1733, '2000-02-20 11:21:00', 'NC')
,(29040, 'AIP', 'A', 36, 25, 1080, '2000-02-21 02:28:00', 'CA')
,(29041, 'LUX', 'B', 79, 30, 2726, '2000-02-21 06:03:00', 'CO')
,(29042, 'EIN', 'E', 43, 35, 1580, '2000-02-21 00:57:00', 'XR')
,(29043, 'CRL', 'D', 43, 25, 1236, '2000-02-21 08:13:00', 'NO')
,(29044, 'DHR', 'E', 37, 20, 851, '2000-02-21 13:17:00', 'HO')
,(29045, 'GRQ', 'D', 30, 30, 990, '2000-02-21 19:49:00', 'SC')
,(29046, 'AMS', 'C', 44, 20, 924, '2000-02-21 16:06:00', 'DU')
,(29047, 'TEU', 'C', 70, 25, 2012, '2000-02-21 03:54:00', 'SO')
,(29048, 'RTM', 'E', 46, 20, 1104, '2000-02-22 17:19:00', 'BA')
,(29049, 'QEK', 'E', 74, 30, 2442, '2000-02-22 11:42:00', 'AS')
,(29050, 'AIP', 'A', 77, 30, 2656, '2000-02-22 09:31:00', 'HO')
,(29051, 'DHR', 'E', 59, 30, 1858, '2000-02-23 06:59:00', 'VI')
,(29052, 'QEK', 'B', 45, 25, 1350, '2000-02-23 02:04:00', 'JE')
,(29053, 'GRQ', 'A', 48, 25, 1320, '2000-02-23 08:31:00', 'AB')
,(29054, 'OST', 'C', 37, 20, 888, '2000-02-23 23:38:00', 'JE')
,(29055, 'LEY', 'D', 73, 30, 2518, '2000-02-23 00:58:00', 'KL')
,(29056, 'DHR', 'A', 48, 30, 1584, '2000-02-24 05:16:00', 'SA')
,(29057, 'BRU', 'C', 35, 20, 840, '2000-02-24 22:21:00', 'CH')
,(29058, 'OST', 'A', 57, 25, 1496, '2000-02-24 12:00:00', 'OC')
,(29059, 'EIN', 'E', 75, 35, 2888, '2000-02-24 18:46:00', 'SO')
,(29060, 'ENS', 'E', 61, 20, 1342, '2000-02-24 07:53:00', 'SO')
,(29061, 'ENS', 'D', 64, 25, 1760, '2000-02-25 20:17:00', 'NE')
,(29062, 'ENS', 'A', 62, 30, 1953, '2000-02-25 02:06:00', 'DN')
,(29063, 'BRU', 'E', 72, 25, 1890, '2000-02-25 10:44:00', 'VG')
,(29064, 'ANR', 'E', 48, 30, 1728, '2000-02-26 21:14:00', 'LU')
,(29065, 'RTM', 'A', 33, 25, 908, '2000-02-26 04:27:00', 'CI')
,(29066, 'QEK', 'D', 80, 20, 1760, '2000-02-26 08:10:00', 'MA')
,(29067, 'QEK', 'E', 69, 20, 1587, '2000-02-26 09:32:00', 'AM')
,(29068, 'AMS', 'E', 57, 35, 2294, '2000-02-26 22:00:00', 'VI')
,(29069, 'QEK', 'D', 34, 25, 892, '2000-02-27 12:15:00', 'NO')
,(29070, 'AMS', 'A', 51, 20, 1122, '2000-02-27 01:59:00', 'UE')
,(29071, 'DHR', 'E', 55, 35, 2214, '2000-02-27 16:43:00', 'BR')
,(29072, 'RTM', 'E', 59, 35, 2478, '2000-02-27 04:48:00', 'DE')
,(29073, 'LEY', 'C', 49, 25, 1409, '2000-02-27 05:53:00', 'HV')
,(29074, 'TEU', 'A', 52, 35, 2184, '2000-02-28 10:14:00', 'HU')
,(29075, 'QEK', 'E', 59, 20, 1357, '2000-02-28 21:40:00', 'VL')
,(29076, 'AIP', 'A', 70, 25, 1838, '2000-02-28 09:29:00', 'BR')
,(29077, 'ENS', 'D', 34, 30, 1122, '2000-02-28 18:15:00', 'TR')
,(29078, 'DHR', 'A', 37, 20, 814, '2000-02-28 07:31:00', 'MA')
,(29079, 'DHR', 'C', 71, 35, 2609, '2000-02-29 05:28:00', 'CA')
,(29080, 'ENS', 'D', 76, 35, 3192, '2000-02-29 13:37:00', 'XR')
,(29081, 'CRL', 'B', 35, 20, 735, '2000-02-29 21:22:00', 'BI')
,(29082, 'OST', 'C', 40, 25, 1100, '2000-03-01 08:29:00', 'HU')
,(29083, 'MST', 'A', 60, 20, 1440, '2000-03-01 06:49:00', 'LU')
,(29084, 'OST', 'B', 41, 30, 1414, '2000-03-01 16:50:00', 'HO')
,(29085, 'LUX', 'C', 67, 35, 2697, '2000-03-01 03:23:00', 'QU')
,(29086, 'LGG', 'E', 50, 30, 1575, '2000-03-01 20:02:00', 'XJ')
,(29087, 'LUX', 'E', 63, 30, 2079, '2000-03-02 08:49:00', 'XJ')
,(29088, 'LUX', 'A', 67, 30, 2211, '2000-03-02 11:00:00', 'AB')
,(29089, 'GRQ', 'A', 41, 20, 861, '2000-03-02 12:09:00', 'HU')
,(29090, 'LEY', 'A', 42, 30, 1386, '2000-03-02 13:52:00', 'SC')
,(29091, 'MST', 'B', 43, 25, 1182, '2000-03-02 03:12:00', 'QU')
,(29092, 'LGG', 'C', 48, 25, 1380, '2000-03-02 06:50:00', 'EU')
,(29093, 'AIP', 'D', 34, 30, 1071, '2000-03-02 05:12:00', 'DN')
,(29094, 'QEK', 'D', 62, 35, 2604, '2000-03-02 19:21:00', 'AB')
,(29095, 'LUX', 'B', 53, 25, 1524, '2000-03-03 02:16:00', 'XJ')
,(29096, 'MST', 'E', 64, 35, 2464, '2000-03-03 10:17:00', 'CH')
,(29097, 'TEU', 'B', 72, 35, 3024, '2000-03-03 17:24:00', 'CI')
,(29098, 'ENS', 'C', 67, 25, 2010, '2000-03-04 04:39:00', 'NC')
,(29099, 'OST', 'B', 79, 30, 2488, '2000-03-04 17:42:00', 'DU')
,(29100, 'CRL', 'E', 41, 25, 1076, '2000-03-04 10:57:00', 'JE')
,(29101, 'OST', 'E', 30, 35, 1155, '2000-03-04 01:46:00', 'VI')
,(29102, 'KJK', 'D', 49, 35, 1972, '2000-03-04 13:31:00', 'HU')
,(29103, 'RTM', 'E', 50, 30, 1575, '2000-03-04 05:46:00', 'HU')
,(29104, 'QEK', 'B', 61, 25, 1601, '2000-03-04 20:15:00', 'BE')
,(29105, 'QEK', 'A', 59, 25, 1549, '2000-03-04 00:25:00', 'QU')
,(29106, 'DHR', 'D', 76, 35, 2926, '2000-03-05 00:18:00', 'DE')
,(29107, 'ANR', 'A', 33, 20, 792, '2000-03-05 04:59:00', 'TR')
,(29108, 'DHR', 'D', 71, 35, 2982, '2000-03-05 02:51:00', 'VL')
,(29109, 'BRU', 'E', 35, 20, 770, '2000-03-05 20:25:00', 'XJ')
,(29110, 'EIN', 'E', 38, 30, 1197, '2000-03-05 21:44:00', 'EU')
,(29111, 'OST', 'A', 43, 20, 946, '2000-03-06 13:44:00', 'AB')
,(29112, 'ANR', 'A', 46, 35, 1851, '2000-03-06 17:56:00', 'OC')
,(29113, 'OST', 'C', 77, 35, 2830, '2000-03-06 19:45:00', 'NE')
,(29114, 'AMS', 'E', 61, 30, 2196, '2000-03-06 14:00:00', 'XJ')
,(29115, 'MST', 'E', 42, 30, 1323, '2000-03-06 11:08:00', 'CH')
,(29116, 'OST', 'D', 74, 20, 1702, '2000-03-07 06:40:00', 'DN')
,(29117, 'DHR', 'B', 37, 25, 1110, '2000-03-07 00:16:00', 'HO')
,(29118, 'QEK', 'A', 58, 25, 1740, '2000-03-07 22:27:00', 'VG')
,(29119, 'KJK', 'E', 31, 30, 976, '2000-03-07 00:00:00', 'SC')
,(29120, 'TEU', 'C', 69, 35, 2656, '2000-03-07 03:13:00', 'CO')
,(29121, 'AMS', 'E', 33, 25, 866, '2000-03-07 08:01:00', 'MA')
,(29122, 'QEK', 'D', 60, 35, 2520, '2000-03-07 18:38:00', 'SP')
,(29123, 'LGG', 'D', 38, 20, 798, '2000-03-07 09:22:00', 'BA')
,(29124, 'RTM', 'B', 71, 25, 1864, '2000-03-08 16:02:00', 'UE')
,(29125, 'EIN', 'C', 79, 30, 2726, '2000-03-08 15:40:00', 'UO')
,(29126, 'LGG', 'B', 56, 30, 1848, '2000-03-08 21:46:00', 'DE')
,(29127, 'AMS', 'C', 38, 25, 1140, '2000-03-08 16:51:00', 'NC')
,(29128, 'LUX', 'D', 43, 25, 1182, '2000-03-08 22:12:00', 'BE')
,(29129, 'AMS', 'E', 78, 30, 2808, '2000-03-09 05:56:00', 'FL')
,(29130, 'CRL', 'E', 38, 35, 1463, '2000-03-09 23:17:00', 'FA')
,(29131, 'LEY', 'D', 73, 25, 2008, '2000-03-09 12:30:00', 'HV')
,(29132, 'OST', 'B', 61, 30, 1922, '2000-03-09 19:07:00', 'VG')
,(29133, 'AMS', 'E', 56, 35, 2058, '2000-03-09 20:14:00', 'NO')
,(29134, 'BRU', 'C', 53, 20, 1272, '2000-03-09 02:43:00', 'SA')
,(29135, 'DHR', 'A', 79, 30, 2488, '2000-03-09 08:58:00', 'CH')
,(29136, 'QEK', 'A', 35, 35, 1286, '2000-03-09 11:21:00', 'SN')
,(29137, 'LUX', 'C', 38, 20, 874, '2000-03-10 14:39:00', 'BA')
,(29138, 'RTM', 'A', 49, 20, 1127, '2000-03-10 15:02:00', 'HV')
,(29139, 'MST', 'C', 50, 30, 1575, '2000-03-10 08:28:00', 'JE')
,(29140, 'AIP', 'D', 65, 25, 1706, '2000-03-11 09:27:00', 'AS')
,(29141, 'OST', 'D', 78, 35, 3276, '2000-03-11 10:18:00', 'CA')
,(29142, 'RTM', 'D', 74, 30, 2442, '2000-03-11 13:18:00', 'OC')
,(29143, 'CRL', 'E', 70, 25, 1925, '2000-03-11 10:00:00', 'UO')
,(29144, 'RTM', 'A', 46, 30, 1449, '2000-03-11 06:42:00', 'AM')
,(29145, 'GRQ', 'A', 39, 20, 936, '2000-03-12 06:56:00', 'CI')
,(29146, 'ENS', 'E', 79, 35, 3318, '2000-03-12 19:55:00', 'BA')
,(29147, 'LUX', 'D', 67, 30, 2110, '2000-03-12 09:42:00', 'DN')
,(29148, 'LGG', 'C', 52, 35, 2184, '2000-03-12 05:46:00', 'UE')
,(29149, 'QEK', 'E', 73, 25, 2099, '2000-03-12 11:32:00', 'AB')
,(29150, 'OST', 'C', 55, 25, 1650, '2000-03-13 07:19:00', 'NE')
,(29151, 'CRL', 'C', 73, 35, 3066, '2000-03-13 17:06:00', 'AB')
,(29152, 'ANR', 'B', 41, 25, 1076, '2000-03-13 22:45:00', 'AI')
,(29153, 'LGG', 'E', 64, 25, 1680, '2000-03-13 08:32:00', 'VG')
,(29154, 'ENS', 'E', 75, 25, 2156, '2000-03-13 20:16:00', 'SN')
,(29155, 'QEK', 'B', 52, 20, 1144, '2000-03-13 13:06:00', 'HO')
,(29156, 'LEY', 'D', 50, 20, 1150, '2000-03-13 22:14:00', 'NO')
,(29157, 'AIP', 'C', 31, 20, 744, '2000-03-13 16:18:00', 'UO')
,(29158, 'LEY', 'C', 58, 25, 1522, '2000-03-14 15:52:00', 'SC')
,(29159, 'BRU', 'B', 51, 30, 1683, '2000-03-14 15:55:00', 'AR')
,(29160, 'DHR', 'A', 71, 20, 1491, '2000-03-14 06:59:00', 'DU')
,(29161, 'RTM', 'A', 79, 35, 3042, '2000-03-14 20:50:00', 'BI')
,(29162, 'CRL', 'C', 54, 30, 1701, '2000-03-14 11:41:00', 'XR')
,(29163, 'KJK', 'A', 78, 30, 2691, '2000-03-14 06:20:00', 'CH')
,(29164, 'OST', 'D', 30, 20, 690, '2000-03-14 11:38:00', 'JQ')
,(29165, 'QEK', 'D', 46, 20, 966, '2000-03-14 04:47:00', 'SA')
,(29166, 'GRQ', 'E', 65, 20, 1430, '2000-03-15 20:07:00', 'NE')
,(29167, 'LUX', 'E', 33, 25, 949, '2000-03-15 05:18:00', 'SC')
,(29168, 'EIN', 'B', 61, 35, 2455, '2000-03-15 04:20:00', 'VB')
,(29169, 'CRL', 'D', 79, 30, 2607, '2000-03-16 12:51:00', 'ZF')
,(29170, 'OST', 'C', 70, 30, 2415, '2000-03-16 12:49:00', 'BE')
,(29171, 'CRL', 'C', 44, 25, 1210, '2000-03-16 03:36:00', 'SP')
,(29172, 'LEY', 'C', 42, 25, 1155, '2000-03-16 18:49:00', 'CH')
,(29173, 'AMS', 'D', 35, 25, 1050, '2000-03-16 17:39:00', 'NO')
,(29174, 'ANR', 'A', 68, 25, 2040, '2000-03-16 13:05:00', 'NT')
,(29175, 'DHR', 'E', 32, 35, 1176, '2000-03-16 15:08:00', 'BA')
,(29176, 'LGG', 'B', 75, 30, 2700, '2000-03-16 13:13:00', 'NE')
,(29177, 'AMS', 'D', 33, 25, 990, '2000-03-17 02:12:00', 'BE')
,(29178, 'QEK', 'C', 42, 30, 1449, '2000-03-17 01:21:00', 'OC')
,(29179, 'ENS', 'C', 71, 20, 1704, '2000-03-17 11:45:00', 'BR')
,(29180, 'RTM', 'A', 46, 35, 1771, '2000-03-17 17:16:00', 'NT')
,(29181, 'MST', 'C', 79, 25, 2172, '2000-03-17 04:54:00', 'NE')
,(29182, 'LEY', 'A', 77, 35, 2965, '2000-03-17 14:30:00', 'AM')
,(29183, 'GRQ', 'A', 61, 35, 2562, '2000-03-17 03:30:00', 'JQ')
,(29184, 'AMS', 'A', 72, 25, 2160, '2000-03-17 14:29:00', 'AM')
,(29185, 'AIP', 'B', 61, 35, 2348, '2000-03-18 01:33:00', 'KL')
,(29186, 'CRL', 'D', 79, 25, 2074, '2000-03-18 13:52:00', 'BE')
,(29187, 'AIP', 'E', 44, 25, 1210, '2000-03-18 09:56:00', 'AB')
,(29188, 'MST', 'D', 53, 35, 2226, '2000-03-18 12:56:00', 'HV')
,(29189, 'GRQ', 'B', 77, 25, 2118, '2000-03-18 20:23:00', 'JE')
,(29190, 'QEK', 'B', 39, 25, 1170, '2000-03-18 06:42:00', 'BA')
,(29191, 'DHR', 'E', 64, 30, 2112, '2000-03-18 02:46:00', 'DN')
,(29192, 'AIP', 'B', 41, 30, 1476, '2000-03-18 07:50:00', 'ZF')
,(29193, 'BRU', 'B', 78, 25, 2340, '2000-03-19 01:10:00', 'XI')
,(29194, 'QEK', 'B', 32, 25, 960, '2000-03-19 04:01:00', 'UO')
,(29195, 'TEU', 'E', 47, 30, 1621, '2000-03-19 20:03:00', 'AR')
,(29196, 'LEY', 'A', 35, 30, 1208, '2000-03-20 21:35:00', 'AS')
,(29197, 'LEY', 'B', 31, 35, 1302, '2000-03-20 09:55:00', 'UE')
,(29198, 'BRU', 'A', 39, 25, 1024, '2000-03-20 14:18:00', 'CI')
,(29199, 'GRQ', 'B', 77, 30, 2772, '2000-03-21 03:41:00', 'SN')
,(29200, 'AIP', 'D', 73, 20, 1679, '2000-03-21 11:00:00', 'LU')
,(29201, 'DHR', 'C', 58, 35, 2334, '2000-03-21 08:38:00', 'UE')
,(29202, 'ANR', 'A', 65, 30, 2340, '2000-03-21 05:01:00', 'ZF')
,(29203, 'TEU', 'A', 66, 20, 1584, '2000-03-21 04:43:00', 'LU')
,(29204, 'AMS', 'C', 38, 35, 1596, '2000-03-21 08:08:00', 'BI')
,(29205, 'DHR', 'D', 74, 35, 2720, '2000-03-21 11:46:00', 'FA')
,(29206, 'RTM', 'E', 33, 35, 1213, '2000-03-22 21:08:00', 'KL')
,(29207, 'TEU', 'A', 53, 35, 2133, '2000-03-22 02:31:00', 'VL')
,(29208, 'ANR', 'C', 42, 30, 1323, '2000-03-22 22:52:00', 'VI')
,(29209, 'ANR', 'E', 44, 35, 1694, '2000-03-22 12:40:00', 'BE')
,(29210, 'CRL', 'E', 61, 35, 2455, '2000-03-22 23:13:00', 'SN')
,(29211, 'LUX', 'A', 59, 25, 1696, '2000-03-23 06:01:00', 'BA')
,(29212, 'LUX', 'A', 33, 35, 1270, '2000-03-23 20:27:00', 'QU')
,(29213, 'ENS', 'A', 47, 25, 1351, '2000-03-23 21:37:00', 'AM')
,(29214, 'CRL', 'A', 35, 20, 770, '2000-03-23 11:27:00', 'DU')
,(29215, 'AMS', 'A', 54, 35, 2268, '2000-03-23 04:11:00', 'VG')
,(29216, 'GRQ', 'C', 65, 25, 1788, '2000-03-24 17:22:00', 'LU')
,(29217, 'EIN', 'C', 64, 25, 1920, '2000-03-24 04:02:00', 'VG')
,(29218, 'ENS', 'D', 47, 20, 987, '2000-03-24 01:48:00', 'CA')
,(29219, 'QEK', 'B', 39, 25, 1170, '2000-03-24 17:21:00', 'CH')
,(29220, 'RTM', 'D', 46, 20, 966, '2000-03-24 17:50:00', 'VL')
,(29221, 'QEK', 'B', 69, 35, 2536, '2000-03-24 10:25:00', 'QU')
,(29222, 'RTM', 'D', 35, 30, 1102, '2000-03-24 04:12:00', 'SC')
,(29223, 'QEK', 'B', 30, 35, 1208, '2000-03-24 14:39:00', 'UO')
,(29224, 'LUX', 'C', 58, 25, 1667, '2000-03-25 19:38:00', 'VL')
,(29225, 'QEK', 'D', 57, 35, 2394, '2000-03-25 10:52:00', 'TR')
,(29226, 'EIN', 'C', 80, 30, 2760, '2000-03-25 05:22:00', 'AI')
,(29227, 'OST', 'D', 62, 25, 1782, '2000-03-25 09:26:00', 'VI')
,(29228, 'QEK', 'A', 44, 20, 1056, '2000-03-25 21:52:00', 'KL')
,(29229, 'BRU', 'D', 62, 25, 1628, '2000-03-26 12:54:00', 'CA')
,(29230, 'TEU', 'A', 78, 30, 2808, '2000-03-26 21:49:00', 'BI')
,(29231, 'RTM', 'A', 35, 25, 1050, '2000-03-26 02:55:00', 'NE')
,(29232, 'CRL', 'B', 74, 30, 2442, '2000-03-26 13:06:00', 'BI')
,(29233, 'EIN', 'E', 44, 35, 1848, '2000-03-26 04:53:00', 'MA')
,(29234, 'AMS', 'C', 64, 30, 2208, '2000-03-26 02:41:00', 'QU')
,(29235, 'QEK', 'B', 41, 30, 1476, '2000-03-26 16:15:00', 'NT')
,(29236, 'GRQ', 'C', 61, 20, 1403, '2000-03-26 00:24:00', 'SN')
,(29237, 'EIN', 'D', 60, 35, 2415, '2000-03-27 18:39:00', 'OC')
,(29238, 'ANR', 'D', 42, 35, 1764, '2000-03-27 06:08:00', 'KL')
,(29239, 'OST', 'A', 32, 30, 1056, '2000-03-27 23:31:00', 'SO')
,(29240, 'LEY', 'B', 54, 30, 1863, '2000-03-27 18:15:00', 'SO')
,(29241, 'OST', 'E', 71, 30, 2343, '2000-03-27 21:22:00', 'BA')
,(29242, 'QEK', 'B', 48, 35, 1848, '2000-03-27 13:02:00', 'CO')
,(29243, 'EIN', 'B', 45, 30, 1552, '2000-03-27 11:27:00', 'FL')
,(29244, 'GRQ', 'A', 67, 20, 1407, '2000-03-27 12:36:00', 'BE')
,(29245, 'AIP', 'B', 63, 30, 2174, '2000-03-28 22:53:00', 'AR')
,(29246, 'RTM', 'C', 68, 30, 2346, '2000-03-28 22:04:00', 'CI')
,(29247, 'DHR', 'A', 78, 20, 1872, '2000-03-28 15:01:00', 'NC')
,(29248, 'LGG', 'A', 35, 35, 1286, '2000-03-28 04:40:00', 'NE')
,(29249, 'GRQ', 'E', 64, 30, 2208, '2000-03-28 23:32:00', 'CA')
,(29250, 'KJK', 'D', 45, 30, 1620, '2000-03-28 12:41:00', 'XI')
,(29251, 'AIP', 'D', 62, 30, 1953, '2000-03-28 17:39:00', 'HO')
,(29252, 'EIN', 'A', 71, 20, 1633, '2000-03-28 21:19:00', 'JE')
,(29253, 'AIP', 'C', 51, 25, 1530, '2000-03-29 14:38:00', 'NO')
,(29254, 'QEK', 'A', 32, 20, 704, '2000-03-29 10:55:00', 'XJ')
,(29255, 'ENS', 'A', 31, 25, 930, '2000-03-29 00:32:00', 'SO')
,(29256, 'LUX', 'D', 66, 30, 2178, '2000-03-29 10:09:00', 'HV')
,(29257, 'LEY', 'D', 71, 35, 2982, '2000-03-29 06:15:00', 'CH')
,(29258, 'AIP', 'E', 48, 25, 1440, '2000-03-30 05:54:00', 'CO')
,(29259, 'KJK', 'B', 62, 20, 1488, '2000-03-30 04:02:00', 'OC')
,(29260, 'TEU', 'A', 39, 25, 1072, '2000-03-30 18:36:00', 'FL')
,(29261, 'MST', 'D', 44, 25, 1210, '2000-03-30 15:21:00', 'DU')
,(29262, 'RTM', 'E', 36, 25, 1080, '2000-03-30 10:07:00', 'BR')
,(29263, 'AMS', 'C', 70, 30, 2310, '2000-03-31 08:29:00', 'XI')
,(29264, 'LUX', 'D', 57, 20, 1368, '2000-03-31 19:14:00', 'EU')
,(29265, 'TEU', 'D', 60, 20, 1440, '2000-03-31 03:12:00', 'UE')
,(29266, 'KJK', 'C', 30, 35, 1102, '2000-03-31 22:24:00', 'DN')
,(29267, 'ENS', 'C', 52, 20, 1248, '2000-03-31 01:37:00', 'NC')
,(29268, 'RTM', 'C', 68, 25, 2040, '2000-03-31 13:18:00', 'VG')
,(29269, 'AMS', 'C', 74, 20, 1702, '2000-03-31 15:11:00', 'AR')
,(29270, 'BRU', 'A', 77, 25, 2310, '2000-03-31 10:48:00', 'EU')
,(29271, 'TEU', 'A', 69, 35, 2656, '2000-04-01 18:08:00', 'EU')
,(29272, 'QEK', 'B', 38, 20, 912, '2000-04-01 08:13:00', 'UO')
,(29273, 'LGG', 'B', 48, 35, 2016, '2000-04-01 19:25:00', 'CH')
,(29274, 'KJK', 'C', 56, 20, 1288, '2000-04-02 08:04:00', 'CO')
,(29275, 'OST', 'C', 69, 30, 2380, '2000-04-02 23:47:00', 'JQ')
,(29276, 'AMS', 'D', 78, 35, 3139, '2000-04-02 20:42:00', 'SC')
,(29277, 'DHR', 'C', 71, 25, 2041, '2000-04-02 06:17:00', 'CH')
,(29278, 'AIP', 'B', 44, 25, 1265, '2000-04-02 23:02:00', 'JE')
,(29279, 'RTM', 'E', 39, 20, 819, '2000-04-03 12:28:00', 'VI')
,(29280, 'LGG', 'E', 41, 35, 1579, '2000-04-03 15:30:00', 'TR')
,(29281, 'GRQ', 'D', 40, 25, 1050, '2000-04-03 13:31:00', 'UE')
,(29282, 'AIP', 'E', 39, 20, 936, '2000-04-03 11:36:00', 'AI')
,(29283, 'DHR', 'D', 37, 20, 888, '2000-04-03 13:56:00', 'BA')
,(29284, 'LUX', 'D', 66, 35, 2772, '2000-04-04 22:54:00', 'TR')
,(29285, 'RTM', 'D', 58, 25, 1667, '2000-04-04 04:39:00', 'CH')
,(29286, 'ANR', 'D', 58, 20, 1276, '2000-04-04 22:51:00', 'SC')
,(29287, 'OST', 'D', 44, 20, 924, '2000-04-04 06:32:00', 'NC')
,(29288, 'TEU', 'C', 76, 35, 2793, '2000-04-04 19:55:00', 'NE')
,(29289, 'ANR', 'B', 38, 35, 1596, '2000-04-04 12:10:00', 'CI')
,(29290, 'LEY', 'B', 31, 35, 1302, '2000-04-04 09:40:00', 'CH')
,(29291, 'MST', 'A', 73, 35, 2938, '2000-04-04 09:39:00', 'SA')
,(29292, 'EIN', 'C', 62, 25, 1860, '2000-04-05 00:02:00', 'TR')
,(29293, 'CRL', 'C', 43, 35, 1580, '2000-04-05 17:54:00', 'HO')
,(29294, 'LGG', 'A', 34, 20, 714, '2000-04-05 03:33:00', 'JQ')
,(29295, 'DHR', 'B', 41, 20, 861, '2000-04-06 11:43:00', 'NT')
,(29296, 'BRU', 'B', 62, 25, 1705, '2000-04-06 22:27:00', 'CH')
,(29297, 'LUX', 'D', 59, 35, 2375, '2000-04-06 04:25:00', 'NC')
,(29298, 'MST', 'C', 78, 35, 3139, '2000-04-07 10:51:00', 'SN')
,(29299, 'EIN', 'E', 30, 30, 945, '2000-04-07 14:40:00', 'NT')
,(29300, 'RTM', 'E', 50, 20, 1050, '2000-04-07 15:50:00', 'HO')
,(29301, 'BRU', 'B', 31, 35, 1302, '2000-04-07 06:19:00', 'BR')
,(29302, 'DHR', 'C', 36, 25, 1080, '2000-04-07 13:31:00', 'DN')
,(29303, 'GRQ', 'E', 41, 35, 1650, '2000-04-07 11:23:00', 'UE')
,(29304, 'TEU', 'A', 67, 35, 2462, '2000-04-07 13:13:00', 'CI')
,(29305, 'AIP', 'D', 56, 30, 1764, '2000-04-07 02:19:00', 'DU')
,(29306, 'QEK', 'D', 44, 35, 1848, '2000-04-08 23:50:00', 'KL')
,(29307, 'MST', 'D', 56, 35, 2254, '2000-04-08 13:41:00', 'DN')
,(29308, 'ENS', 'E', 59, 30, 1858, '2000-04-08 11:57:00', 'AB')
,(29309, 'TEU', 'A', 53, 30, 1828, '2000-04-09 02:09:00', 'XJ')
,(29310, 'MST', 'B', 65, 20, 1560, '2000-04-09 20:32:00', 'VL')
,(29311, 'OST', 'E', 44, 20, 968, '2000-04-09 20:28:00', 'XR')
,(29312, 'BRU', 'C', 77, 25, 2310, '2000-04-09 18:19:00', 'AI')
,(29313, 'RTM', 'A', 45, 25, 1238, '2000-04-09 10:06:00', 'DN')
,(29314, 'QEK', 'A', 73, 25, 2099, '2000-04-09 13:11:00', 'VI')
,(29315, 'OST', 'E', 60, 20, 1440, '2000-04-09 22:18:00', 'BE')
,(29316, 'AIP', 'B', 78, 35, 3003, '2000-04-09 21:56:00', 'JE')
,(29317, 'EIN', 'A', 71, 20, 1562, '2000-04-10 11:59:00', 'AS')
,(29318, 'LUX', 'D', 60, 20, 1320, '2000-04-10 17:41:00', 'BI')
,(29319, 'GRQ', 'C', 66, 20, 1584, '2000-04-10 12:05:00', 'FL')
,(29320, 'AIP', 'A', 49, 25, 1348, '2000-04-10 20:03:00', 'DU')
,(29321, 'AIP', 'C', 50, 35, 1925, '2000-04-10 17:45:00', 'AI')
,(29322, 'AMS', 'A', 76, 30, 2394, '2000-04-11 16:13:00', 'UE')
,(29323, 'DHR', 'A', 65, 20, 1430, '2000-04-11 01:44:00', 'DN')
,(29324, 'BRU', 'E', 59, 25, 1549, '2000-04-11 01:56:00', 'AM')
,(29325, 'RTM', 'B', 80, 25, 2100, '2000-04-12 14:54:00', 'AM')
,(29326, 'AIP', 'B', 39, 20, 858, '2000-04-12 13:26:00', 'HU')
,(29327, 'ANR', 'D', 44, 30, 1584, '2000-04-12 21:43:00', 'VL')
,(29328, 'DHR', 'D', 42, 20, 924, '2000-04-13 03:48:00', 'UE')
,(29329, 'TEU', 'B', 31, 35, 1302, '2000-04-13 08:31:00', 'DN')
,(29330, 'MST', 'E', 64, 35, 2352, '2000-04-13 20:56:00', 'TR')
,(29331, 'RTM', 'D', 47, 25, 1234, '2000-04-13 19:42:00', 'SA')
,(29332, 'LUX', 'B', 78, 35, 2866, '2000-04-13 22:10:00', 'SA')
,(29333, 'AMS', 'B', 80, 20, 1760, '2000-04-13 13:51:00', 'CO')
,(29334, 'ANR', 'C', 61, 25, 1754, '2000-04-13 14:33:00', 'CO')
,(29335, 'KJK', 'E', 68, 30, 2142, '2000-04-13 23:33:00', 'NT')
,(29336, 'AIP', 'C', 76, 35, 2926, '2000-04-14 18:52:00', 'SN')
,(29337, 'LUX', 'E', 32, 25, 920, '2000-04-14 12:49:00', 'SC')
,(29338, 'LEY', 'B', 67, 20, 1608, '2000-04-14 19:39:00', 'BA')
,(29339, 'LGG', 'A', 77, 30, 2772, '2000-04-14 00:07:00', 'VB')
,(29340, 'QEK', 'E', 50, 20, 1050, '2000-04-14 04:19:00', 'NT')
,(29341, 'KJK', 'A', 59, 25, 1623, '2000-04-15 17:57:00', 'HV')
,(29342, 'AIP', 'C', 55, 25, 1650, '2000-04-15 07:28:00', 'VB')
,(29343, 'LUX', 'A', 63, 30, 2079, '2000-04-15 00:24:00', 'VL')
,(29344, 'AMS', 'A', 47, 35, 1727, '2000-04-16 03:43:00', 'DE')
,(29345, 'MST', 'A', 40, 20, 880, '2000-04-16 17:50:00', 'BI')
,(29346, 'OST', 'C', 75, 25, 2156, '2000-04-16 08:07:00', 'XJ')
,(29347, 'EIN', 'C', 64, 35, 2688, '2000-04-16 08:17:00', 'KL')
,(29348, 'LGG', 'B', 62, 20, 1488, '2000-04-16 15:16:00', 'BI')
,(29349, 'CRL', 'D', 32, 35, 1288, '2000-04-17 23:39:00', 'FL')
,(29350, 'LEY', 'C', 56, 25, 1610, '2000-04-17 12:07:00', 'SN')
,(29351, 'KJK', 'B', 79, 20, 1817, '2000-04-17 20:15:00', 'TR')
,(29352, 'MST', 'C', 60, 35, 2415, '2000-04-18 12:50:00', 'EU')
,(29353, 'ANR', 'A', 71, 20, 1491, '2000-04-18 14:30:00', 'FL')
,(29354, 'OST', 'B', 55, 20, 1210, '2000-04-18 09:46:00', 'VB')
,(29355, 'MST', 'E', 39, 25, 1024, '2000-04-19 17:06:00', 'SA')
,(29356, 'MST', 'B', 79, 25, 2271, '2000-04-19 12:05:00', 'OC')
,(29357, 'TEU', 'D', 62, 20, 1364, '2000-04-19 23:31:00', 'MA')
,(29358, 'AIP', 'B', 47, 25, 1351, '2000-04-19 09:44:00', 'NC')
,(29359, 'LEY', 'D', 57, 25, 1710, '2000-04-19 12:57:00', 'NC')
,(29360, 'QEK', 'C', 54, 25, 1418, '2000-04-20 12:33:00', 'ZF')
,(29361, 'EIN', 'B', 55, 35, 2021, '2000-04-20 10:55:00', 'XR')
,(29362, 'QEK', 'A', 60, 20, 1260, '2000-04-20 05:14:00', 'BA')
,(29363, 'RTM', 'A', 68, 35, 2499, '2000-04-20 11:46:00', 'SP')
,(29364, 'QEK', 'D', 55, 25, 1650, '2000-04-20 02:00:00', 'QU')
,(29365, 'KJK', 'D', 55, 20, 1320, '2000-04-21 09:06:00', 'CO')
,(29366, 'TEU', 'D', 31, 25, 853, '2000-04-21 11:47:00', 'AB')
,(29367, 'OST', 'A', 47, 25, 1410, '2000-04-21 15:53:00', 'BR')
,(29368, 'OST', 'D', 55, 35, 2021, '2000-04-21 00:02:00', 'NT')
,(29369, 'OST', 'C', 40, 20, 960, '2000-04-21 23:04:00', 'UO')
,(29370, 'AMS', 'B', 48, 30, 1728, '2000-04-22 22:16:00', 'ZF')
,(29371, 'AIP', 'A', 66, 20, 1386, '2000-04-22 07:47:00', 'CO')
,(29372, 'EIN', 'D', 78, 30, 2457, '2000-04-22 19:12:00', 'DU')
,(29373, 'ANR', 'C', 55, 35, 2310, '2000-04-23 05:48:00', 'SC')
,(29374, 'TEU', 'C', 64, 25, 1920, '2000-04-23 18:54:00', 'JE')
,(29375, 'GRQ', 'D', 61, 30, 2104, '2000-04-23 18:21:00', 'DN')
,(29376, 'OST', 'E', 57, 20, 1197, '2000-04-23 02:27:00', 'HO')
,(29377, 'AMS', 'D', 71, 30, 2556, '2000-04-23 14:53:00', 'HV')
,(29378, 'QEK', 'D', 71, 20, 1562, '2000-04-24 05:48:00', 'HV')
,(29379, 'CRL', 'B', 33, 25, 990, '2000-04-24 19:11:00', 'DU')
,(29380, 'AIP', 'B', 69, 25, 1811, '2000-04-24 22:09:00', 'NE')
,(29381, 'MST', 'C', 55, 35, 2021, '2000-04-24 15:17:00', 'UE')
,(29382, 'ANR', 'A', 75, 20, 1725, '2000-04-24 06:17:00', 'UO')
,(29383, 'TEU', 'A', 65, 35, 2502, '2000-04-25 23:11:00', 'CH')
,(29384, 'LGG', 'E', 51, 35, 1874, '2000-04-25 08:20:00', 'SC')
,(29385, 'DHR', 'B', 34, 30, 1173, '2000-04-25 11:54:00', 'NE')
,(29386, 'CRL', 'B', 72, 35, 2646, '2000-04-25 01:20:00', 'BE')
,(29387, 'AMS', 'C', 71, 30, 2450, '2000-04-25 21:30:00', 'JQ')
,(29388, 'ANR', 'A', 78, 30, 2691, '2000-04-26 04:17:00', 'DU')
,(29389, 'LEY', 'D', 68, 20, 1428, '2000-04-26 03:19:00', 'NC')
,(29390, 'AMS', 'A', 49, 20, 1176, '2000-04-26 01:35:00', 'CO')
,(29391, 'ANR', 'C', 37, 30, 1276, '2000-04-26 15:34:00', 'BI')
,(29392, 'OST', 'D', 42, 30, 1323, '2000-04-26 14:52:00', 'ZF')
,(29393, 'ENS', 'C', 49, 25, 1409, '2000-04-27 12:32:00', 'VI')
,(29394, 'QEK', 'B', 42, 20, 1008, '2000-04-27 22:57:00', 'DU')
,(29395, 'AMS', 'E', 37, 35, 1554, '2000-04-27 19:30:00', 'HO')
,(29396, 'ENS', 'B', 71, 30, 2343, '2000-04-27 20:19:00', 'HV')
,(29397, 'ENS', 'D', 35, 20, 735, '2000-04-27 00:12:00', 'NE')
,(29398, 'TEU', 'E', 32, 20, 672, '2000-04-27 06:45:00', 'CO')
,(29399, 'AIP', 'E', 53, 35, 2226, '2000-04-27 08:14:00', 'CH')
,(29400, 'MST', 'B', 79, 35, 3180, '2000-04-27 14:27:00', 'NO')
,(29401, 'RTM', 'E', 40, 25, 1050, '2000-04-28 20:46:00', 'SC')
,(29402, 'RTM', 'E', 62, 25, 1860, '2000-04-28 17:19:00', 'LU')
,(29403, 'ANR', 'D', 58, 35, 2233, '2000-04-28 13:46:00', 'FA')
,(29404, 'EIN', 'D', 44, 20, 924, '2000-04-28 06:42:00', 'VB')
,(29405, 'BRU', 'D', 37, 20, 814, '2000-04-28 16:27:00', 'AB')
,(29406, 'DHR', 'D', 33, 20, 726, '2000-04-29 20:59:00', 'ZF')
,(29407, 'KJK', 'D', 63, 35, 2536, '2000-04-29 06:51:00', 'XR')
,(29408, 'QEK', 'C', 52, 20, 1092, '2000-04-29 13:29:00', 'SP')
,(29409, 'AIP', 'B', 36, 20, 864, '2000-04-29 08:09:00', 'SN')
,(29410, 'OST', 'C', 68, 35, 2618, '2000-04-29 21:44:00', 'BE')
,(29411, 'RTM', 'B', 67, 25, 1926, '2000-04-30 23:15:00', 'JQ')
,(29412, 'RTM', 'B', 43, 20, 989, '2000-04-30 22:45:00', 'AM')
,(29413, 'BRU', 'E', 39, 25, 1072, '2000-04-30 02:34:00', 'FL')
,(29414, 'MST', 'A', 67, 20, 1608, '2000-04-30 16:43:00', 'CH')
,(29415, 'GRQ', 'A', 73, 30, 2409, '2000-04-30 08:59:00', 'BE')
,(29416, 'ENS', 'B', 43, 35, 1806, '2000-05-01 12:55:00', 'XI')
,(29417, 'ANR', 'B', 56, 25, 1680, '2000-05-01 04:10:00', 'UE')
,(29418, 'EIN', 'A', 43, 25, 1182, '2000-05-01 16:24:00', 'FA')
,(29419, 'QEK', 'D', 54, 25, 1485, '2000-05-01 08:45:00', 'EU')
,(29420, 'DHR', 'E', 52, 30, 1716, '2000-05-01 20:51:00', 'HV')
,(29421, 'QEK', 'D', 79, 25, 2172, '2000-05-01 19:46:00', 'HV')
,(29422, 'LGG', 'A', 61, 20, 1464, '2000-05-01 16:09:00', 'MA')
,(29423, 'LUX', 'E', 74, 35, 2978, '2000-05-01 14:34:00', 'CI')

go

INSERT INTO IncheckenVlucht (vluchtnummer, balienummer) VALUES 
('28761', 2)
,('28762', 3)
,('28763', 4)
,('28764', 5)
,('28765', 6)
,('28766', 7)
,('28767', 8)
,('28768', 9)
,('28769', 10)
,('28770', 1)
,('28771', 2)
,('28772', 3)
,('28773', 4)
,('28774', 5)
,('28775', 6)
,('28776', 7)
,('28777', 8)
,('28778', 9)
,('28779', 10)
,('28780', 1)
,('28781', 2)
,('28782', 3)
,('28783', 4)
,('28784', 5)
,('28785', 6)
,('28786', 7)
,('28787', 8)
,('28788', 9)
,('28789', 10)
,('28790', 1)
,('28791', 2)
,('28792', 3)
,('28793', 4)
,('28794', 5)
,('28795', 6)
,('28796', 7)
,('28797', 8)
,('28798', 9)
,('28799', 10)
,('28800', 1)
,('28801', 2)
,('28802', 3)
,('28803', 4)
,('28804', 5)
,('28805', 6)
,('28806', 7)
,('28807', 8)
,('28808', 9)
,('28809', 10)
,('28810', 1)
,('28811', 2)
,('28812', 3)
,('28813', 4)
,('28814', 5)
,('28815', 6)
,('28816', 7)
,('28817', 8)
,('28818', 9)
,('28819', 10)
,('28820', 1)
,('28821', 2)
,('28822', 3)
,('28823', 4)
,('28824', 5)
,('28825', 6)
,('28826', 7)
,('28827', 8)
,('28828', 9)
,('28829', 10)
,('28830', 1)
,('28831', 2)
,('28832', 3)
,('28833', 4)
,('28834', 5)
,('28835', 6)
,('28836', 7)
,('28837', 8)
,('28838', 9)
,('28839', 10)
,('28840', 1)
,('28841', 2)
,('28842', 3)
,('28843', 4)
,('28844', 5)
,('28845', 6)
,('28846', 7)
,('28847', 8)
,('28848', 9)
,('28849', 10)
,('28850', 1)
,('28851', 2)
,('28852', 3)
,('28853', 4)
,('28854', 5)
,('28855', 6)
,('28856', 7)
,('28857', 8)
,('28858', 9)
,('28859', 10)
,('28860', 1)
,('28861', 2)
,('28862', 3)
,('28863', 4)
,('28864', 5)
,('28865', 6)
,('28866', 7)
,('28867', 8)
,('28868', 9)
,('28869', 10)
,('28870', 1)
,('28871', 2)
,('28872', 3)
,('28873', 4)
,('28874', 5)
,('28875', 6)
,('28876', 7)
,('28877', 8)
,('28878', 9)
,('28879', 10)
,('28880', 1)
,('28881', 2)
,('28882', 3)
,('28883', 4)
,('28884', 5)
,('28885', 6)
,('28886', 7)
,('28887', 8)
,('28888', 9)
,('28889', 10)
,('28890', 1)
,('28891', 2)
,('28892', 3)
,('28893', 4)
,('28894', 5)
,('28895', 6)
,('28896', 7)
,('28897', 8)
,('28898', 9)
,('28899', 10)
,('28900', 1)
,('28901', 2)
,('28902', 3)
,('28903', 4)
,('28904', 5)
,('28905', 6)
,('28906', 7)
,('28907', 8)
,('28908', 9)
,('28909', 10)
,('28910', 1)
,('28911', 2)
,('28912', 3)
,('28913', 4)
,('28914', 5)
,('28915', 6)
,('28916', 7)
,('28917', 8)
,('28918', 9)
,('28919', 10)
,('28920', 1)
,('28921', 2)
,('28922', 3)
,('28923', 4)
,('28924', 5)
,('28925', 6)
,('28926', 7)
,('28927', 8)
,('28928', 9)
,('28929', 10)
,('28930', 1)
,('28931', 2)
,('28932', 3)
,('28933', 4)
,('28934', 5)
,('28935', 6)
,('28936', 7)
,('28937', 8)
,('28938', 9)
,('28939', 10)
,('28940', 1)
,('28941', 2)
,('28942', 3)
,('28943', 4)
,('28944', 5)
,('28945', 6)
,('28946', 7)
,('28947', 8)
,('28948', 9)
,('28949', 10)
,('28950', 1)
,('28951', 2)
,('28952', 3)
,('28953', 4)
,('28954', 5)
,('28955', 6)
,('28956', 7)
,('28957', 8)
,('28958', 9)
,('28959', 10)
,('28960', 1)
,('28961', 2)
,('28962', 3)
,('28963', 4)
,('28964', 5)
,('28965', 6)
,('28966', 7)
,('28967', 8)
,('28968', 9)
,('28969', 10)
,('28970', 1)
,('28971', 2)
,('28972', 3)
,('28973', 4)
,('28974', 5)
,('28975', 6)
,('28976', 7)
,('28977', 8)
,('28978', 9)
,('28979', 10)
,('28980', 1)
,('28981', 2)
,('28982', 3)
,('28983', 4)
,('28984', 5)
,('28985', 6)
,('28986', 7)
,('28987', 8)
,('28988', 9)
,('28989', 10)
,('28990', 1)
,('28991', 2)
,('28992', 3)
,('28993', 4)
,('28994', 5)
,('28995', 6)
,('28996', 7)
,('28997', 8)
,('28998', 9)
,('28999', 10)
,('29000', 1)
,('29001', 2)
,('29002', 3)
,('29003', 4)
,('29004', 5)
,('29005', 6)
,('29006', 7)
,('29007', 8)
,('29008', 9)
,('29009', 10)
,('29010', 1)
,('29011', 2)
,('29012', 3)
,('29013', 4)
,('29014', 5)
,('29015', 6)
,('29016', 7)
,('29017', 8)
,('29018', 9)
,('29019', 10)
,('29020', 1)
,('29021', 2)
,('29022', 3)
,('29023', 4)
,('29024', 5)
,('29025', 6)
,('29026', 7)
,('29027', 8)
,('29028', 9)
,('29029', 10)
,('29030', 1)
,('29031', 2)
,('29032', 3)
,('29033', 4)
,('29034', 5)
,('29035', 6)
,('29036', 7)
,('29037', 8)
,('29038', 9)
,('29039', 10)
,('29040', 1)
,('29041', 2)
,('29042', 3)
,('29043', 4)
,('29044', 5)
,('29045', 6)
,('29046', 7)
,('29047', 8)
,('29048', 9)
,('29049', 10)
,('29050', 1)
,('29051', 2)
,('29052', 3)
,('29053', 4)
,('29054', 5)
,('29055', 6)
,('29056', 7)
,('29057', 8)
,('29058', 9)
,('29059', 10)
,('29060', 1)
,('29061', 2)
,('29062', 3)
,('29063', 4)
,('29064', 5)
,('29065', 6)
,('29066', 7)
,('29067', 8)
,('29068', 9)
,('29069', 10)
,('29070', 1)
,('29071', 2)
,('29072', 3)
,('29073', 4)
,('29074', 5)
,('29075', 6)
,('29076', 7)
,('29077', 8)
,('29078', 9)
,('29079', 10)
,('29080', 1)
,('29081', 2)
,('29082', 3)
,('29083', 4)
,('29084', 5)
,('29085', 6)
,('29086', 7)
,('29087', 8)
,('29088', 9)
,('29089', 10)
,('29090', 1)
,('29091', 2)
,('29092', 3)
,('29093', 4)
,('29094', 5)
,('29095', 6)
,('29096', 7)
,('29097', 8)
,('29098', 9)
,('29099', 10)
,('29100', 1)
,('29101', 2)
,('29102', 3)
,('29103', 4)
,('29104', 5)
,('29105', 6)
,('29106', 7)
,('29107', 8)
,('29108', 9)
,('29109', 10)
,('29110', 1)
,('29111', 2)
,('29112', 3)
,('29113', 4)
,('29114', 5)
,('29115', 6)
,('29116', 7)
,('29117', 8)
,('29118', 9)
,('29119', 10)
,('29120', 1)
,('29121', 2)
,('29122', 3)
,('29123', 4)
,('29124', 5)
,('29125', 6)
,('29126', 7)
,('29127', 8)
,('29128', 9)
,('29129', 10)
,('29130', 1)
,('29131', 2)
,('29132', 3)
,('29133', 4)
,('29134', 5)
,('29135', 6)
,('29136', 7)
,('29137', 8)
,('29138', 9)
,('29139', 10)
,('29140', 1)
,('29141', 2)
,('29142', 3)
,('29143', 4)
,('29144', 5)
,('29145', 6)
,('29146', 7)
,('29147', 8)
,('29148', 9)
,('29149', 10)
,('29150', 1)
,('29151', 2)
,('29152', 3)
,('29153', 4)
,('29154', 5)
,('29155', 6)
,('29156', 7)
,('29157', 8)
,('29158', 9)
,('29159', 10)
,('29160', 1)
,('29161', 2)
,('29162', 3)
,('29163', 4)
,('29164', 5)
,('29165', 6)
,('29166', 7)
,('29167', 8)
,('29168', 9)
,('29169', 10)
,('29170', 1)
,('29171', 2)
,('29172', 3)
,('29173', 4)
,('29174', 5)
,('29175', 6)
,('29176', 7)
,('29177', 8)
,('29178', 9)
,('29179', 10)
,('29180', 1)
,('29181', 2)
,('29182', 3)
,('29183', 4)
,('29184', 5)
,('29185', 6)
,('29186', 7)
,('29187', 8)
,('29188', 9)
,('29189', 10)
,('29190', 1)
,('29191', 2)
,('29192', 3)
,('29193', 4)
,('29194', 5)
,('29195', 6)
,('29196', 7)
,('29197', 8)
,('29198', 9)
,('29199', 10)
,('29200', 1)
,('29201', 2)
,('29202', 3)
,('29203', 4)
,('29204', 5)
,('29205', 6)
,('29206', 7)
,('29207', 8)
,('29208', 9)
,('29209', 10)
,('29210', 1)
,('29211', 2)
,('29212', 3)
,('29213', 4)
,('29214', 5)
,('29215', 6)
,('29216', 7)
,('29217', 8)
,('29218', 9)
,('29219', 10)
,('29220', 1)
,('29221', 2)
,('29222', 3)
,('29223', 4)
,('29224', 5)
,('29225', 6)
,('29226', 7)
,('29227', 8)
,('29228', 9)
,('29229', 10)
,('29230', 1)
,('29231', 2)
,('29232', 3)
,('29233', 4)
,('29234', 5)
,('29235', 6)
,('29236', 7)
,('29237', 8)
,('29238', 9)
,('29239', 10)
,('29240', 1)
,('29241', 2)
,('29242', 3)
,('29243', 4)
,('29244', 5)
,('29245', 6)
,('29246', 7)
,('29247', 8)
,('29248', 9)
,('29249', 10)
,('29250', 1)
,('29251', 2)
,('29252', 3)
,('29253', 4)
,('29254', 5)
,('29255', 6)
,('29256', 7)
,('29257', 8)
,('29258', 9)
,('29259', 10)
,('29260', 1)
,('29261', 2)
,('29262', 3)
,('29263', 4)
,('29264', 5)
,('29265', 6)
,('29266', 7)
,('29267', 8)
,('29268', 9)
,('29269', 10)
,('29270', 1)
,('29271', 2)
,('29272', 3)
,('29273', 4)
,('29274', 5)
,('29275', 6)
,('29276', 7)
,('29277', 8)
,('29278', 9)
,('29279', 10)
,('29280', 1)
,('29281', 2)
,('29282', 3)
,('29283', 4)
,('29284', 5)
,('29285', 6)
,('29286', 7)
,('29287', 8)
,('29288', 9)
,('29289', 10)
,('29290', 1)
,('29291', 2)
,('29292', 3)
,('29293', 4)
,('29294', 5)
,('29295', 6)
,('29296', 7)
,('29297', 8)
,('29298', 9)
,('29299', 10)
,('29300', 1)
,('29301', 2)
,('29302', 3)
,('29303', 4)
,('29304', 5)
,('29305', 6)
,('29306', 7)
,('29307', 8)
,('29308', 9)
,('29309', 10)
,('29310', 1)
,('29311', 2)
,('29312', 3)
,('29313', 4)
,('29314', 5)
,('29315', 6)
,('29316', 7)
,('29317', 8)
,('29318', 9)
,('29319', 10)
,('29320', 1)
,('29321', 2)
,('29322', 3)
,('29323', 4)
,('29324', 5)
,('29325', 6)
,('29326', 7)
,('29327', 8)
,('29328', 9)
,('29329', 10)
,('29330', 1)
,('29331', 2)
,('29332', 3)
,('29333', 4)
,('29334', 5)
,('29335', 6)
,('29336', 7)
,('29337', 8)
,('29338', 9)
,('29339', 10)
,('29340', 1)
,('29341', 2)
,('29342', 3)
,('29343', 4)
,('29344', 5)
,('29345', 6)
,('29346', 7)
,('29347', 8)
,('29348', 9)
,('29349', 10)
,('29350', 1)
,('29351', 2)
,('29352', 3)
,('29353', 4)
,('29354', 5)
,('29355', 6)
,('29356', 7)
,('29357', 8)
,('29358', 9)
,('29359', 10)
,('29360', 1)
,('29361', 2)
,('29362', 3)
,('29363', 4)
,('29364', 5)
,('29365', 6)
,('29366', 7)
,('29367', 8)
,('29368', 9)
,('29369', 10)
,('29370', 1)
,('29371', 2)
,('29372', 3)
,('29373', 4)
,('29374', 5)
,('29375', 6)
,('29376', 7)
,('29377', 8)
,('29378', 9)
,('29379', 10)
,('29380', 1)
,('29381', 2)
,('29382', 3)
,('29383', 4)
,('29384', 5)
,('29385', 6)
,('29386', 7)
,('29387', 8)
,('29388', 9)
,('29389', 10)
,('29390', 1)
,('29391', 2)
,('29392', 3)
,('29393', 4)
,('29394', 5)
,('29395', 6)
,('29396', 7)
,('29397', 8)
,('29398', 9)
,('29399', 10)
,('29400', 1)
,('29401', 2)
,('29402', 3)
,('29403', 4)
,('29404', 5)
,('29405', 6)
,('29406', 7)
,('29407', 8)
,('29408', 9)
,('29409', 10)
,('29410', 1)
,('29411', 2)
,('29412', 3)
,('29413', 4)
,('29414', 5)
,('29415', 6)
,('29416', 7)
,('29417', 8)
,('29418', 9)
,('29419', 10)
,('29420', 1)
,('29421', 2)
,('29422', 3)
,('29423', 4)

go

-- Insert roles into the roles table
INSERT INTO roles (name)
VALUES 
    ('employee');

-- Insert users into the users table
INSERT INTO users (name, password, gender, created_at)
VALUES 
    ('RonaldPassenger', '$2y$10$hHlLhYetv8KZfJFVGRbeA.MJhvpC65z4EMK6JoOhoeGFJk72EXXH6', 'M', CURRENT_TIMESTAMP),
    ('RonaldEmployee', '$2y$10$hHlLhYetv8KZfJFVGRbeA.MJhvpC65z4EMK6JoOhoeGFJk72EXXH6', 'M', CURRENT_TIMESTAMP);

-- Insert the role 'employee' to RonaldEmployee in the userRoles table
INSERT INTO userRoles (roleId, userId)
VALUES (1, 2);

-- Insert passengers into the Passagier table
INSERT INTO Passagier (naam, userId, vluchtnummer, balienummer, stoel, inchecktijdstip)
VALUES 
    ('RonaldPassenger', 1, 29378, NULL, 'A1', NULL),
    ('RonaldPassenger', 1, 29302, NULL, 'A1', NULL),
    ('RonaldPassenger', 1, 29323, NULL, 'A39', NULL);
go

-- alle datums worden getransponeerd naar moment van uitvoeren van het script.
-- dit is de laatste stap 

-- pak de oudste en de nieuwste datum
declare @date_start datetime;
declare @date_end datetime;

select @date_start = MIN(vertrektijd) from vlucht;
select @date_end   = max(vertrektijd) from vlucht;

-- Bereken aan de hand van het verschil de middelste datum tussen start en eind
declare @diff int;
set @diff = DATEDIFF(minute, @date_start, @date_end);

declare @middle_date datetime;
set @middle_date = DATEADD(minute, @diff/2, @date_start);

-- Bereken verschil middelste datum met nu (huidig tijdstip)
set @diff = DATEDIFF(minute, @middle_date, GETDATE());

-- update vlucht vertrektijden en passagier inchecktijd
update vlucht set vertrektijd = DATEADD(minute, @diff, vertrektijd);
update passagier set inchecktijdstip = DATEADD(minute, @diff, inchecktijdstip);

go
